"1100","URL - General Unrestricted Line","Officer"
"1103","URL - General Unrestricted Line","Officer"
"1105","Mess Treasurer/Caterer","Officer"
"1105","URL - Mess Treasurer/Caterer","Officer"
"1107","URL - General Unrestricted Line","Officer"
"1110","URL - Surface Warfare","Officer"
"1113","URL - Surface Warfare","Officer"
"1115","URL - Surface Warfare","Officer"
"1117","URL - Surface Warfare","Officer"
"1130","URL - Special Warfare","Officer"
"1133","URL - Special Warfare","Officer"
"1135","URL - Special Warfare","Officer"
"1137","URL - Special Warfare","Officer"
"1140","URL - Special Operations (EOD/DIV/SAL/EOM)","Officer"
"1143","URL - Special Operations (EOD/DIV/SAL/EOM)","Officer"
"1145","URL - Special Operations (EOD/DIV/SAL/EOM)","Officer"
"1147","URL - Special Operations (EOD/DIV/SAL/EOM)","Officer"
"1160","URL - Surface Warfare","Officer"
"1163","URL - Surface Warfare","Officer"
"1165","URL - Surface Warfare","Officer"
"1167","URL - Surface Warfare","Officer"
"1170","URL - Submarine Warfare","Officer"
"1173","URL - Submarine Warfare","Officer"
"1175","URL - Submarine Warfare","Officer"
"1177","URL - Submarine Warfare","Officer"
"1180","URL - Special Warfare","Officer"
"1183","URL - Special Warfare","Officer"
"1185","URL - Special Warfare","Officer"
"1187","URL - Special Warfare","Officer"
"1190","URL - Special Operations","Officer"
"1193","URL - Special Operations","Officer"
"1195","URL - Special Operations","Officer"
"1197","URL - Special Operations","Officer"
"1210","RL - Nuclear Power School Instructor","Officer"
"1213","RL - Nuclear Power School Instructor","Officer"
"1215","RL - Nuclear Power School Instructor","Officer"
"1217","RL - Nuclear Power School Instructor","Officer"
"1220","RL - Naval Reactors Engineer","Officer"
"1223","RL - Naval Reactors Engineer","Officer"
"1225","RL - Naval Reactors Engineer","Officer"
"1227","RL - Naval Reactors Engineer","Officer"
"1230","RL - Permanent Military Professor","Officer"
"1233","RL - Permanent Military Professor","Officer"
"1235","RL - Permanent Military Professor","Officer"
"1237","RL - Permanent Military Professor","Officer"
"1300","URL - Aviation","Officer"
"1303","URL - Aviation","Officer"
"1305","URL - Aviation","Officer"
"1307","URL - Aviation","Officer"
"1310","URL - Aviation Warfare Officer","Officer"
"1313","URL - Aviation Warfare Officer","Officer"
"1315","URL - Aviation Warfare Officer","Officer"
"1317","URL - Aviation Warfare Officer","Officer"
"1320","URL - Naval Flight Officer","Officer"
"1323","URL - Naval Flight Officer","Officer"
"1325","URL - Naval Flight Officer","Officer"
"1327","URL - Naval Flight Officer","Officer"
"1370","URL - Naval Flight Officer","Officer"
"1373","URL - Naval Flight Officer","Officer"
"1375","URL - Naval Flight Officer","Officer"
"1377","URL - Naval Flight Officer","Officer"
"1380","URL - Pilot","Officer"
"1383","URL - Pilot","Officer"
"1385","URL - Pilot","Officer"
"1387","URL - Pilot","Officer"
"1390","URL - Pilot","Officer"
"1393","URL - Pilot","Officer"
"1395","URL - Pilot","Officer"
"1397","URL - Pilot","Officer"
"1400","RL - Engineering Duty Officer (General)","Officer"
"1403","RL - Engineering Duty Officer (General)","Officer"
"1405","RL - Engineering Duty Officer (General)","Officer"
"1407","RL - Engineering Duty Officer (General)","Officer"
"1440","RL - Engineering Duty Officer - Ship Engineering","Officer"
"1443","RL - Engineering Duty Officer - Ship Engineering","Officer"
"1445","RL - Engineering Duty Officer - Ship Engineering","Officer"
"1447","RL - Engineering Duty Officer - Ship Engineering","Officer"
"1460","RL - Engineering Duty Officer - Ship Engineering Trainee","Officer"
"1463","RL - Engineering Duty Officer - Ship Engineering Trainee","Officer"
"1465","RL - Engineering Duty Officer - Ship Engineering Trainee","Officer"
"1467","RL - Engineering Duty Officer - Ship Engineering Trainee","Officer"
"1500","RL - Aerospace Engineering","Officer"
"1503","RL - Aerospace Engineering","Officer"
"1505","RL - Aerospace Engineering","Officer"
"1507","RL - Aerospace Engineering","Officer"
"1510","RL - Aerospace Engineering Duty Officer - Aerospace Engineering","Officer"
"1513","RL - Aerospace Engineering Duty Officer - Aerospace Engineering","Officer"
"1515","RL - Aerospace Engineering Duty Officer - Aerospace Engineering","Officer"
"1517","RL - Aerospace Engineering Duty Officer - Aerospace Engineering","Officer"
"1520","RL - Aerospace Engineering Duty Officer - Aviation Maintenance","Officer"
"1523","RL - Aerospace Engineering Duty Officer - Aviation Maintenance","Officer"
"1525","RL - Aerospace Engineering Duty Officer - Aviation Maintenance","Officer"
"1527","RL - Aerospace Engineering Duty Officer - Aviation Maintenance","Officer"
"1540","RL - Aviation Duty Officer - Pilot","Officer"
"1543","RL - Aviation Duty Officer - Pilot","Officer"
"1545","RL - Aviation Duty Officer - Pilot","Officer"
"1547","RL - Aviation Duty Officer - Pilot","Officer"
"1600","RL - Special Duty - Information Professional","Officer"
"1603","RL - Special Duty - Information Professional","Officer"
"1605","RL - Special Duty - Information Professional","Officer"
"1607","RL - Special Duty - Information Professional","Officer"
"1610","RL - Special Duty - Officer (Information Warfare)","Officer"
"1613","RL - Special Duty - Officer (Information Warfare)","Officer"
"1615","RL - Special Duty - Officer (Information Warfare)","Officer"
"1617","RL - Special Duty - Officer (Information Warfare)","Officer"
"1630","RL - Special Duty - Intelligence","Officer"
"1633","RL - Special Duty - Intelligence","Officer"
"1635","RL - Special Duty - Intelligence","Officer"
"1637","RL - Special Duty - Intelligence","Officer"
"1640","RL - Special Duty - Photograph","Officer"
"1641","RL - Special Duty - Photograph","Officer"
"1641","RL - Special Duty Officer (Information Warfare) Trainee","Officer"
"1642","RL - Special Duty - Photograph","Officer"
"1642","RL - Special Duty Officer (Information Warfare) Trainee","Officer"
"1643","RL - Special Duty - Photograph","Officer"
"1643","RL - Special Duty Officer (Information Warfare) Trainee","Officer"
"1645","RL - Special Duty - Photograph","Officer"
"1645","RL - Special Duty Officer (Information Warfare) Trainee","Officer"
"1647","RL - Special Duty - Photograph","Officer"
"1647","RL - Special Duty Officer (Information Warfare) Trainee","Officer"
"1648","RL - Special Duty - Photograph","Officer"
"1648","RL - Special Duty Officer (Information Warfare) Trainee","Officer"
"1649","RL - Special Duty - Photograph","Officer"
"1649","RL - Special Duty Officer (Information Warfare) Trainee","Officer"
"1650","RL - Special Duty Officer (Public Affairs)","Officer"
"1653","RL - Special Duty Officer (Public Affairs)","Officer"
"1655","RL - Special Duty Officer (Public Affairs)","Officer"
"1657","RL - Special Duty Officer (Public Affairs)","Officer"
"1660","RL - Special Duty - Merchant Marine","Officer"
"1663","RL - Special Duty - Merchant Marine","Officer"
"1665","RL - Special Duty - Merchant Marine","Officer"
"1667","RL - Special Duty - Merchant Marine","Officer"
"1680","RL - Special Duty Officer (Reserve Recruiting)","Officer"
"1683","RL - Special Duty Officer (Reserve Recruiting)","Officer"
"1685","RL - Special Duty Officer (Reserve Recruiting)","Officer"
"1687","RL - Special Duty Officer (Reserve Recruiting)","Officer"
"1690","RL - Special Duty - Merchant Marine","Officer"
"1693","RL - Special Duty - Merchant Marine","Officer"
"1695","RL - Special Duty - Merchant Marine","Officer"
"1697","RL - Special Duty - Merchant Marine","Officer"
"1700","RL - Special Duty - Fleet Support","Officer"
"1703","RL - Special Duty - Fleet Support","Officer"
"1705","RL - Special Duty - Fleet Support","Officer"
"1707","RL - Special Duty - Fleet Support","Officer"
"1710","RL - Special Duty - Foreign Area Officer","Officer"
"1713","RL - Special Duty - Foreign Area Officer","Officer"
"1715","RL - Special Duty - Foreign Area Officer","Officer"
"1717","RL - Special Duty - Foreign Area Officer","Officer"
"1720","RL - Special Duty - Foreign Area Officer","Officer"
"1723","RL - Special Duty - Foreign Area Officer","Officer"
"1725","RL - Special Duty - Foreign Area Officer","Officer"
"1727","RL - Special Duty - Foreign Area Officer","Officer"
"1800","RL - Special Duty Officer (Oceanography)","Officer"
"1803","RL - Special Duty Officer (Oceanography)","Officer"
"1805","RL - Special Duty Officer (Oceanography)","Officer"
"1807","RL - Special Duty Officer (Oceanography)","Officer"
"1820","RL - Special Duty Officer Billet - Information Professional Officer","Officer"
"1823","RL - Special Duty Officer Billet - Information Professional Officer","Officer"
"1825","RL - Special Duty Officer Billet - Information Professional Officer","Officer"
"1827","RL - Special Duty Officer Billet - Information Professional Officer","Officer"
"1830","RL - Special Duty Officer - Intelligence Officer","Officer"
"1833","RL - Special Duty Officer - Intelligence Officer","Officer"
"1835","RL - Special Duty Officer - Intelligence Officer","Officer"
"1837","RL - Special Duty Officer - Intelligence Officer","Officer"
"1840","RL - Special Duty Officer - Cyber Warfare Engineer","Officer"
"1843","RL - Special Duty Officer - Cyber Warfare Engineer","Officer"
"1845","RL - Special Duty Officer - Cyber Warfare Engineer","Officer"
"1847","RL - Special Duty Officer - Cyber Warfare Engineer","Officer"
"1850","RL - IDC (Information Dominance Corps) Officer","Officer"
"1853","RL - IDC (Information Dominance Corps) Officer","Officer"
"1855","RL - IDC (Information Dominance Corps) Officer","Officer"
"1857","RL - IDC (Information Dominance Corps) Officer","Officer"
"1900","URL - Prospective Nurse Corps Officer","Officer"
"1903","URL - Prospective Nurse Corps Officer","Officer"
"1905","URL - Prospective Nurse Corps Officer","Officer"
"1907","URL - Prospective Nurse Corps Officer","Officer"
"1910","URL - Prospective Medical Corps Officer (Senior Medical Student)","Officer"
"1913","URL - Prospective Medical Corps Officer (Senior Medical Student)","Officer"
"1915","URL - Prospective Medical Corps Officer (Senior Medical Student)","Officer"
"1917","URL - Prospective Medical Corps Officer (Senior Medical Student)","Officer"
"1920","URL - Prospective Dental Corps Officer","Officer"
"1923","URL - Prospective Dental Corps Officer","Officer"
"1925","URL - Prospective Dental Corps Officer","Officer"
"1927","URL - Prospective Dental Corps Officer","Officer"
"1930","URL - Prospective Medical Service Corps Officer (Optometry)","Officer"
"1933","URL - Prospective Medical Service Corps Officer (Optometry)","Officer"
"1935","URL - Prospective Medical Service Corps Officer (Optometry)","Officer"
"1937","URL - Prospective Medical Service Corps Officer (Optometry)","Officer"
"1940","URL - Prospective Chaplain Corps Officer","Officer"
"1943","URL - Prospective Chaplain Corps Officer","Officer"
"1945","URL - Prospective Chaplain Corps Officer","Officer"
"1947","URL - Prospective Chaplain Corps Officer","Officer"
"2100","SC - Medical Corps","Officer"
"2103","SC - Medical Corps","Officer"
"2105","SC - Medical Corps","Officer"
"2107","SC - Medical Corps","Officer"
"2200","SC - Dental Corps","Officer"
"2203","SC - Dental Corps","Officer"
"2205","SC - Dental Corps","Officer"
"2207","SC - Dental Corps","Officer"
"2300","SC - Medical Service Corps","Officer"
"2303","SC - Medical Service Corps","Officer"
"2305","SC - Medical Service Corps","Officer"
"2307","SC - Medical Service Corps","Officer"
"2500","SC - Judge Advocate General Corps","Officer"
"2503","SC - Judge Advocate General Corps","Officer"
"2505","SC - Judge Advocate General Corps","Officer"
"2507","SC - Judge Advocate General Corps","Officer"
"2620","SC - Health Care Professional","Officer"
"2623","SC - Health Care Professional","Officer"
"2625","SC - Health Care Professional","Officer"
"2627","SC - Health Care Professional","Officer"
"2630","SC - Health Care Professional","Officer"
"2633","SC - Health Care Professional","Officer"
"2635","SC - Health Care Professional","Officer"
"2637","SC - Health Care Professional","Officer"
"2640","SC - Health Care Professional","Officer"
"2643","SC - Health Care Professional","Officer"
"2645","SC - Health Care Professional","Officer"
"2647","SC - Health Care Professional","Officer"
"2700","SC - Active Duty Nurse Corps","Officer"
"2703","SC - Active Duty Nurse Corps","Officer"
"2705","SC - Active Duty Nurse Corps","Officer"
"2707","SC - Active Duty Nurse Corps","Officer"
"2900","SC - Nurse Corps - General","Officer"
"2903","SC - Nurse Corps - General","Officer"
"2905","SC - Nurse Corps - General","Officer"
"2907","SC - Nurse Corps - General","Officer"
"3100","SC - Supply Corps Officer","Officer"
"3103","SC - Supply Corps Officer","Officer"
"3105","SC - Supply Corps Officer","Officer"
"3107","SC - Supply Corps Officer","Officer"
"3160","SC - Direct Commissioned Supply Corps Trainee","Officer"
"3163","SC - Direct Commissioned Supply Corps Trainee","Officer"
"3165","SC - Direct Commissioned Supply Corps Trainee","Officer"
"3167","SC - Direct Commissioned Supply Corps Trainee","Officer"
"6110","LDO - Deck","Officer"
"6113","LDO - Deck","Officer"
"6115","LDO - Deck","Officer"
"6117","LDO - Deck","Officer"
"6120","LDO - Operations","Officer"
"6123","LDO - Operations","Officer"
"6125","LDO - Operations","Officer"
"6127","LDO - Operations","Officer"
"6150","LDO - Special Warfare Technician","Officer"
"6153","LDO - Special Warfare Technician","Officer"
"6155","LDO - Special Warfare Technician","Officer"
"6157","LDO - Special Warfare Technician","Officer"
"6160","LDO - Ordnance","Officer"
"6163","LDO - Ordnance","Officer"
"6165","LDO - Ordnance","Officer"
"6167","LDO - Ordnance","Officer"
"6180","LDO - Electronics","Officer"
"6183","LDO - Electronics","Officer"
"6185","LDO - Electronics","Officer"
"6187","LDO - Electronics","Officer"
"6190","LDO - Communications","Officer"
"6193","LDO - Communications","Officer"
"6195","LDO - Communications","Officer"
"6197","LDO - Communications","Officer"
"6210","LDO - Deck","Officer"
"6213","LDO - Deck","Officer"
"6215","LDO - Deck","Officer"
"6217","LDO - Deck","Officer"
"6220","LDO - Operations","Officer"
"6223","LDO - Operations","Officer"
"6225","LDO - Operations","Officer"
"6227","LDO - Operations","Officer"
"6250","LDO - Nuclear Power","Officer"
"6253","LDO - Nuclear Power","Officer"
"6255","LDO - Nuclear Power","Officer"
"6257","LDO - Nuclear Power","Officer"
"6260","LDO - Ordnance","Officer"
"6263","LDO - Ordnance","Officer"
"6265","LDO - Ordnance","Officer"
"6267","LDO - Ordnance","Officer"
"6280","LDO - Electronics","Officer"
"6283","LDO - Electronics","Officer"
"6285","LDO - Electronics","Officer"
"6287","LDO - Electronics","Officer"
"6290","LDO - Communications","Officer"
"6293","LDO - Communications","Officer"
"6295","LDO - Communications","Officer"
"6297","LDO - Communications","Officer"
"6300","LDO - Naval Aviator","Officer"
"6303","LDO - Naval Aviator","Officer"
"6305","LDO - Naval Aviator","Officer"
"6307","LDO - Naval Aviator","Officer"
"6310","LDO - Deck","Officer"
"6313","LDO - Deck","Officer"
"6315","LDO - Deck","Officer"
"6317","LDO - Deck","Officer"
"6320","LDO - Operations","Officer"
"6323","LDO - Operations","Officer"
"6325","LDO - Operations","Officer"
"6327","LDO - Operations","Officer"
"6330","LDO - Maintenance","Officer"
"6333","LDO - Maintenance","Officer"
"6335","LDO - Maintenance","Officer"
"6337","LDO - Maintenance","Officer"
"6350","LDO - Hull","Officer"
"6353","LDO - Hull","Officer"
"6355","LDO - Hull","Officer"
"6357","LDO - Hull","Officer"
"6360","LDO - Ordnance","Officer"
"6363","LDO - Ordnance","Officer"
"6365","LDO - Ordnance","Officer"
"6367","LDO - Ordnance","Officer"
"6370","LDO - Electrician","Officer"
"6373","LDO - Electrician","Officer"
"6375","LDO - Electrician","Officer"
"6377","LDO - Electrician","Officer"
"6390","LDO - Air Traffic Control","Officer"
"6393","LDO - Air Traffic Control","Officer"
"6395","LDO - Air Traffic Control","Officer"
"6397","LDO - Air Traffic Control","Officer"
"6400","LDO - Nuclear Power","Officer"
"6403","LDO - Nuclear Power","Officer"
"6405","LDO - Nuclear Power","Officer"
"6407","LDO - Nuclear Power","Officer"
"6410","LDO - Administration","Officer"
"6413","LDO - Administration","Officer"
"6415","LDO - Administration","Officer"
"6417","LDO - Administration","Officer"
"6420","LDO - Information Systems","Officer"
"6423","LDO - Information Systems","Officer"
"6425","LDO - Information Systems","Officer"
"6427","LDO - Information Systems","Officer"
"6430","LDO - Bandmaster","Officer"
"6431","CWO - Bandmaster","Warrant Officer"
"6432","CWO - Bandmaster","Warrant Officer"
"6433","LDO - Bandmaster","Officer"
"6433","CWO - Bandmaster","Warrant Officer"
"6435","LDO - Bandmaster","Officer"
"6435","CWO - Bandmaster","Warrant Officer"
"6437","LDO - Bandmaster","Officer"
"6437","CWO - Bandmaster","Warrant Officer"
"6438","CWO - Bandmaster","Warrant Officer"
"6450","LDO - Intelligence","Officer"
"6453","LDO - Intelligence","Officer"
"6455","LDO - Intelligence","Officer"
"6457","LDO - Intelligence","Officer"
"6460","LDO - Meteorology/Oceanography","Officer"
"6463","LDO - Meteorology/Oceanography","Officer"
"6465","LDO - Meteorology/Oceanography","Officer"
"6467","LDO - Meteorology/Oceanography","Officer"
"6470","LDO - Photography","Officer"
"6473","LDO - Photography","Officer"
"6475","LDO - Photography","Officer"
"6477","LDO - Photography","Officer"
"6480","LDO - Explosive Ordnance Disposal","Officer"
"6483","LDO - Explosive Ordnance Disposal","Officer"
"6485","LDO - Explosive Ordnance Disposal","Officer"
"6487","LDO - Explosive Ordnance Disposal","Officer"
"6490","LDO - Security","Officer"
"6493","LDO - Security","Officer"
"6495","LDO - Security","Officer"
"6497","LDO - Security","Officer"
"6520","LDO - Supply Corps - Mess Management","Officer"
"6523","LDO - Supply Corps - Mess Management","Officer"
"6525","LDO - Supply Corps - Mess Management","Officer"
"6527","LDO - Supply Corps - Mess Management","Officer"
"6530","LDO - Civil Engineer Corps","Officer"
"6533","LDO - Civil Engineer Corps","Officer"
"6535","LDO - Civil Engineer Corps","Officer"
"6537","LDO - Civil Engineer Corps","Officer"
"6550","LDO - Judge Advocate General Corps","Officer"
"6553","LDO - Judge Advocate General Corps","Officer"
"6555","LDO - Judge Advocate General Corps","Officer"
"6557","LDO - Judge Advocate General Corps","Officer"
"7111","CWO - Boatswain","Warrant Officer"
"7112","CWO - Boatswain","Warrant Officer"
"7113","CWO - Boatswain","Warrant Officer"
"7115","CWO - Boatswain","Warrant Officer"
"7117","CWO - Boatswain","Warrant Officer"
"7118","CWO - Boatswain","Warrant Officer"
"7121","CWO - Operations Technician","Warrant Officer"
"7122","CWO - Operations Technician","Warrant Officer"
"7123","CWO - Operations Technician","Warrant Officer"
"7125","CWO - Operations Technician","Warrant Officer"
"7127","CWO - Operations Technician","Warrant Officer"
"7128","CWO - Operations Technician","Warrant Officer"
"7131","CWO - Engineering Technician","Warrant Officer"
"7132","CWO - Engineering Technician","Warrant Officer"
"7133","CWO - Engineering Technician","Warrant Officer"
"7135","CWO - Engineering Technician","Warrant Officer"
"7137","CWO - Engineering Technician","Warrant Officer"
"7138","CWO - Engineering Technician","Warrant Officer"
"7141","CWO - Surface Repair Technician","Warrant Officer"
"7142","CWO - Surface Repair Technician","Warrant Officer"
"7143","CWO - Surface Repair Technician","Warrant Officer"
"7145","CWO - Surface Repair Technician","Warrant Officer"
"7147","CWO - Surface Repair Technician","Warrant Officer"
"7148","CWO - Surface Repair Technician","Warrant Officer"
"7161","CWO - Ordnance Technician","Warrant Officer"
"7162","CWO - Ordnance Technician","Warrant Officer"
"7163","CWO - Ordnance Technician","Warrant Officer"
"7165","CWO - Ordnance Technician","Warrant Officer"
"7167","CWO - Ordnance Technician","Warrant Officer"
"7168","CWO - Ordnance Technician","Warrant Officer"
"7171","CWO - Special Warfare Combatant-Craft","Warrant Officer"
"7172","CWO - Special Warfare Combatant-Craft","Warrant Officer"
"7173","CWO - Special Warfare Combatant-Craft","Warrant Officer"
"7175","CWO - Special Warfare Combatant-Craft","Warrant Officer"
"7177","CWO - Special Warfare Combatant-Craft","Warrant Officer"
"7178","CWO - Special Warfare Combatant-Craft","Warrant Officer"
"7181","CWO - Electronics Technician","Warrant Officer"
"7182","CWO - Electronics Technician","Warrant Officer"
"7183","CWO - Electronics Technician","Warrant Officer"
"7185","CWO - Electronics Technician","Warrant Officer"
"7187","CWO - Electronics Technician","Warrant Officer"
"7188","CWO - Electronics Technician","Warrant Officer"
"7191","CWO - Communications Technician","Warrant Officer"
"7192","CWO - Communications Technician","Warrant Officer"
"7193","CWO - Communications Technician","Warrant Officer"
"7195","CWO - Communications Technician","Warrant Officer"
"7197","CWO - Communications Technician","Warrant Officer"
"7198","CWO - Communications Technician","Warrant Officer"
"7211","CWO - Boatswain","Warrant Officer"
"7212","CWO - Boatswain","Warrant Officer"
"7213","CWO - Boatswain","Warrant Officer"
"7215","CWO - Boatswain","Warrant Officer"
"7217","CWO - Boatswain","Warrant Officer"
"7218","CWO - Boatswain","Warrant Officer"
"7231","CWO - Engineering Technician","Warrant Officer"
"7232","CWO - Engineering Technician","Warrant Officer"
"7233","CWO - Engineering Technician","Warrant Officer"
"7235","CWO - Engineering Technician","Warrant Officer"
"7237","CWO - Engineering Technician","Warrant Officer"
"7238","CWO - Engineering Technician","Warrant Officer"
"7241","CWO - Repair Technician","Warrant Officer"
"7242","CWO - Repair Technician","Warrant Officer"
"7243","CWO - Repair Technician","Warrant Officer"
"7245","CWO - Repair Technician","Warrant Officer"
"7247","CWO - Repair Technician","Warrant Officer"
"7248","CWO - Repair Technician","Warrant Officer"
"7251","CWO - Nuclear Power Technician - Submarine","Warrant Officer"
"7252","CWO - Nuclear Power Technician - Submarine","Warrant Officer"
"7253","CWO - Nuclear Power Technician - Submarine","Warrant Officer"
"7255","CWO - Nuclear Power Technician - Submarine","Warrant Officer"
"7257","CWO - Nuclear Power Technician - Submarine","Warrant Officer"
"7258","CWO - Nuclear Power Technician - Submarine","Warrant Officer"
"7281","CWO - Electronics","Warrant Officer"
"7282","CWO - Electronics","Warrant Officer"
"7283","CWO - Electronics","Warrant Officer"
"7285","CWO - Electronics","Warrant Officer"
"7287","CWO - Electronics","Warrant Officer"
"7288","CWO - Electronics","Warrant Officer"
"7291","CWO - Submarine Communication Technician","Warrant Officer"
"7292","CWO - Submarine Communication Technician","Warrant Officer"
"7293","CWO - Submarine Communication Technician","Warrant Officer"
"7295","CWO - Submarine Communication Technician","Warrant Officer"
"7297","CWO - Submarine Communication Technician","Warrant Officer"
"7298","CWO - Submarine Communication Technician","Warrant Officer"
"7311","CWO - Boatswain","Warrant Officer"
"7312","CWO - Boatswain","Warrant Officer"
"7313","CWO - Boatswain","Warrant Officer"
"7315","CWO - Boatswain","Warrant Officer"
"7317","CWO - Boatswain","Warrant Officer"
"7318","CWO - Boatswain","Warrant Officer"
"7321","CWO - Operations","Warrant Officer"
"7322","CWO - Operations","Warrant Officer"
"7323","CWO - Operations","Warrant Officer"
"7325","CWO - Operations","Warrant Officer"
"7327","CWO - Operations","Warrant Officer"
"7328","CWO - Operations","Warrant Officer"
"7341","CWO - Aviation Maintenance Technician","Warrant Officer"
"7342","CWO - Aviation Maintenance Technician","Warrant Officer"
"7343","CWO - Aviation Maintenance Technician","Warrant Officer"
"7345","CWO - Aviation Maintenance Technician","Warrant Officer"
"7347","CWO - Aviation Maintenance Technician","Warrant Officer"
"7348","CWO - Aviation Maintenance Technician","Warrant Officer"
"7361","CWO - Ordnance","Warrant Officer"
"7362","CWO - Ordnance","Warrant Officer"
"7363","CWO - Ordnance","Warrant Officer"
"7365","CWO - Ordnance","Warrant Officer"
"7367","CWO - Ordnance","Warrant Officer"
"7368","CWO - Ordnance","Warrant Officer"
"7381","CWO - Aviation Electronics","Warrant Officer"
"7382","CWO - Aviation Electronics","Warrant Officer"
"7383","CWO - Aviation Electronics","Warrant Officer"
"7385","CWO - Aviation Electronics","Warrant Officer"
"7387","CWO - Aviation Electronics","Warrant Officer"
"7388","CWO - Aviation Electronics","Warrant Officer"
"7391","CWO - Air Traffic Control Technician","Warrant Officer"
"7392","CWO - Air Traffic Control Technician","Warrant Officer"
"7393","CWO - Air Traffic Control Technician","Warrant Officer"
"7395","CWO - Air Traffic Control Technician","Warrant Officer"
"7397","CWO - Air Traffic Control Technician","Warrant Officer"
"7398","CWO - Air Traffic Control Technician","Warrant Officer"
"7401","CWO - Nuclear Power","Warrant Officer"
"7402","CWO - Nuclear Power","Warrant Officer"
"7403","CWO - Nuclear Power","Warrant Officer"
"7405","CWO - Nuclear Power","Warrant Officer"
"7407","CWO - Nuclear Power","Warrant Officer"
"7408","CWO - Nuclear Power","Warrant Officer"
"7421","CWO - Information Systems Technician","Warrant Officer"
"7422","CWO - Information Systems Technician","Warrant Officer"
"7423","CWO - Information Systems Technician","Warrant Officer"
"7425","CWO - Information Systems Technician","Warrant Officer"
"7427","CWO - Information Systems Technician","Warrant Officer"
"7428","CWO - Information Systems Technician","Warrant Officer"
"7431","CWO - Cyber Warrant Officer","Warrant Officer"
"7432","CWO - Cyber Warrant Officer","Warrant Officer"
"7433","CWO - Cyber Warrant Officer","Warrant Officer"
"7435","CWO - Cyber Warrant Officer","Warrant Officer"
"7437","CWO - Cyber Warrant Officer","Warrant Officer"
"7438","CWO - Cyber Warrant Officer","Warrant Officer"
"7441","CWO - Information Warfare Technician","Warrant Officer"
"7442","CWO - Information Warfare Technician","Warrant Officer"
"7443","CWO - Information Warfare Technician","Warrant Officer"
"7445","CWO - Information Warfare Technician","Warrant Officer"
"7447","CWO - Information Warfare Technician","Warrant Officer"
"7448","CWO - Information Warfare Technician","Warrant Officer"
"7451","CWO - Intelligence","Warrant Officer"
"7452","CWO - Intelligence","Warrant Officer"
"7453","CWO - Intelligence","Warrant Officer"
"7455","CWO - Intelligence","Warrant Officer"
"7457","CWO - Intelligence","Warrant Officer"
"7458","CWO - Intelligence","Warrant Officer"
"7471","CWO - Photographer","Warrant Officer"
"7472","CWO - Photographer","Warrant Officer"
"7473","CWO - Photographer","Warrant Officer"
"7475","CWO - Photographer","Warrant Officer"
"7477","CWO - Photographer","Warrant Officer"
"7478","CWO - Photographer","Warrant Officer"
"7481","CWO - Explosive Ordnance Disposal","Warrant Officer"
"7482","CWO - Explosive Ordnance Disposal","Warrant Officer"
"7483","CWO - Explosive Ordnance Disposal","Warrant Officer"
"7485","CWO - Explosive Ordnance Disposal","Warrant Officer"
"7487","CWO - Explosive Ordnance Disposal","Warrant Officer"
"7488","CWO - Explosive Ordnance Disposal","Warrant Officer"
"7491","CWO - Security","Warrant Officer"
"7492","CWO - Security","Warrant Officer"
"7493","CWO - Security","Warrant Officer"
"7495","CWO - Security","Warrant Officer"
"7497","CWO - Security","Warrant Officer"
"7498","CWO - Security","Warrant Officer"
"7521","CWO - Food Service","Warrant Officer"
"7522","CWO - Food Service","Warrant Officer"
"7523","CWO - Food Service","Warrant Officer"
"7525","CWO - Food Service","Warrant Officer"
"7527","CWO - Food Service","Warrant Officer"
"7528","CWO - Food Service","Warrant Officer"
"7531","CWO - Civil Engineer Corps","Warrant Officer"
"7532","CWO - Civil Engineer Corps","Warrant Officer"
"7533","CWO - Civil Engineer Corps","Warrant Officer"
"7535","CWO - Civil Engineer Corps","Warrant Officer"
"7537","CWO - Civil Engineer Corps","Warrant Officer"
"7538","CWO - Civil Engineer Corps","Warrant Officer"
"7561","CWO - Technical Nurse","Warrant Officer"
"7562","CWO - Technical Nurse","Warrant Officer"
"7563","CWO - Technical Nurse","Warrant Officer"
"7565","CWO - Technical Nurse","Warrant Officer"
"7567","CWO - Technical Nurse","Warrant Officer"
"7568","CWO - Technical Nurse","Warrant Officer"
"AA","Airman Apprentice","Enlisted"
"AC","Air Traffic Controller","Enlisted"
"AK","Aviation Storekeeper","Enlisted"
"AM","Aviation Structural Mechanic","Enlisted"
"AMCS","Aviation Structural Mechanic, Senior Chief","Enlisted"
"AME","Aviation Structural Mechanic, Safety Equipment","Enlisted"
"AMH","Aviation Structural Mechanic","Enlisted"
"AMS","Aviation Structural Mechanic","Enlisted"
"AN","Airman","Enlisted"
"AO","Aviation Ordnanceman","Enlisted"
"AR","Airman Recruit","Enlisted"
"AS","Aviation Support Equipment Technician","Enlisted"
"ASE","Aviation Support Equipment Technician, Electrical","Enlisted"
"ASM","Aviation Structural (Mechanic)","Enlisted"
"AT","Aviation Electronics Technician","Enlisted"
"AWCM","Aviation Warfare Systems Operator, Master Chief (AWCM)","Enlisted"
"AWF","Aircrewmen Mechanical (AWF)","Enlisted"
"AWO","Aircrewman Operator (AWO)","Enlisted"
"AWR","Aircrewmen Tactical Helicopter (AWR)","Enlisted"
"AWS","Aircrewmen Helicopter (AWS)","Enlisted"
"AWV","Aircrewmen Avionics (AWV)","Enlisted"
"AZ","Aviation Maintenance Administrationman","Enlisted"
"BT","Boiler Technician","Enlisted"
"BU","Builder","Enlisted"
"CE","Construction Electrician","Enlisted"
"CM","Construction Mechanic","Enlisted"
"CS","Culinary Specialist","Enlisted"
"CTA","Cryptologic Technician, Administrative","Enlisted"
"CTI","Cryptologic Technician, Interpretive","Enlisted"
"CTM","Cryptologic Technician, Maintenance","Enlisted"
"CTN","Cryptologic Technician Networks","Enlisted"
"CTO","Cryptologic Technician Communications","Enlisted"
"CTR","Communications Intelligence Collection Operator","Enlisted"
"CTT","Cryptologic Technician, Technical","Enlisted"
"DC","Damage Controlman","Enlisted"
"DK","Disbursing Clerk","Enlisted"
"DM","Illustrator Draftsman","Enlisted"
"DP","Data Processing Technician","Enlisted"
"DS","Data Systems Technician","Enlisted"
"DT","Dental Technician","Enlisted"
"EA","Engineering Aid","Enlisted"
"EO","Equipment Operator","Enlisted"
"EOD","Explosive Ordnance Disposal","Enlisted"
"EQ","Equipmentman","Enlisted"
"ET","Electronics Technician","Enlisted"
"FC","Fire Controlman","Enlisted"
"FT","Fire Control Technician (Submarine)","Enlisted"
"GSE","Gas Turbine Systems Technician, Electrical","Enlisted"
"GSM","Gas Turbine Systems Technician, Mechanical","Enlisted"
"HM","Hospital Corpsman","Enlisted"
"HT","Hull Maintenance Technician","Enlisted"
"IM","Instrumentman","Enlisted"
"IS","Intelligence Specialist","Enlisted"
"IT","Information Systems Technician","Enlisted"
"JO","Journalist","Enlisted"
"LI","Lithographer","Enlisted"
"LN","Legalman","Enlisted"
"LS","Logistics Support","Enlisted"
"MA","Master-At-Arms","Enlisted"
"MC","Mass Communication Specialist","Enlisted"
"ML","Molder","Enlisted"
"MN","Mineman","Enlisted"
"MR","Machinery Repairman","Enlisted"
"MS","Mess Management Specialist","Enlisted"
"MT","Missile Technician","Enlisted"
"MU","Musician","Enlisted"
"NC","Navy Counselor","Enlisted"
"ND","Navy Diver","Enlisted"
"OM","Opticalman","Enlisted"
"OT","Ocean Systems Technician","Enlisted"
"OTA","Ocean Systems Technician Analyst","Enlisted"
"OTM","Ocean Systems Technician Maintainer","Enlisted"
"PC","Postal Clerk","Enlisted"
"PM","Patternmaker","Enlisted"
"PN","Personnelman","Enlisted"
"PR","Aircrew Survival Equipmentman","Enlisted"
"PS","Personnel Specialist","Enlisted"
"RP","Religious Program Specialist","Enlisted"
"SB","Special Warfare Boat Operator","Enlisted"
"SK","Storekeeper","Enlisted"
"SM","Signalman","Enlisted"
"STG","Sonar Technician, Surface","Enlisted"
"STS","Sonar Technician, Submarine","Enlisted"
"SW","Steelworker","Enlisted"
"UT","Utilitiesman","Enlisted"
"YN","Yeoman","Enlisted"